,0,1,2,3,4,5,6,7,8,9,10,11,personID,numberPeople
0,,,,,,,,,,,,0.139204,0,1
1,,,,,,,,,,,,,0,1
2,,,0.12417199999999999,,,,,,0.20307599999999998,,,0.166067,0,1
3,,,,,,,,,,,,,0,1
4,,,,,,,,,,,,,0,1
5,,,,,,,,,,,,,0,1
6,,,,,,,,,,,,,0,1
7,,,,,,,,,,,,,0,1
8,,,,,,,,,,,,,0,1
9,,,,,,,,,,,,,0,1
10,,,,,,,,,,,,,0,1
11,,,,,,,,,,,,,0,1
12,,,,,,,,,,,,,0,1
13,,,,,,,,,,,,,0,1
14,,,,,,,,,,,,,0,1
15,,,,,,,,,,,,,0,1
16,,,,,,,,,,,,,0,1
17,,,,,,,,,,,,,0,1
18,,,,,,,,,,,,,0,1
19,,,,,,,,,,,,,0,1
20,,,,,,,,,,,,,0,1
21,,,,,,,,,,,,,0,1
22,,,,,,,,,,,,,0,1
23,,,,,,,,,,,,,0,1
24,,,,,,,0.0,-56.73000000000059,0.22522399999999998,,,,0,1
25,,,,,,,,,0.21922799999999998,,,,0,1
26,,,,,,,,,,,,,0,1
27,,,,,,,,,,,,,0,1
28,,,,,,,,,,,,,0,1
29,,,0.109473,,,,,,0.373276,,,0.189274,0,1
30,,,,,,,,,,,,,0,1
31,,,,,,,,,0.317502,,,,0,1
31,,,,,,,,,0.25577099999999997,,,,1,1
32,,,,,,,,,,3349.2,3054.6899999999996,0.258495,0,2
32,,,,,,,,,0.25577099999999997,,,,1,2
33,,,0.061880899999999996,,,0.055979499999999995,,,0.209388,,,0.154195,0,1
34,,,,,,,,,,,,,0,1
35,,,,,,,,,,,,,0,1
36,,,,,,,,,,,,,0,1
37,,,,,,,,,,,,,0,1
38,,,,,,,,,0.30363799999999996,,,,0,1
39,,,,,,,,,,,,,0,1
40,,,,,,,57.299999999999045,-177.17999999999847,0.146024,,,,0,1
40,,,,,,,,,,,,0.178192,1,1
41,,,,,,,,,0.14536000000000002,,,,0,2
41,,,,,,,,,,,,0.178192,1,2
42,,,,,,,,,,3.1199999999978445,-57.5100000000009,0.198926,0,1
43,,,,,,,,,,,,0.270572,0,1
44,,,,,,,,,,,,,0,1
45,,,,,,,,,,,,,0,1
46,,,,,,,,,,-56.849999999999454,-115.49999999999898,0.24201199999999998,0,1
47,,,,,,,,,,1.3499999999987722,55.85999999999899,0.34226399999999996,0,1
47,,,,,,,,,0.16249000000000002,,,,1,1
48,-411.09000000000265,-293.3999999999992,0.0539368,,,,,,,0.4499999999995907,0.5700000000001637,0.375002,0,2
48,,,,,,,,,0.16249000000000002,,,,1,2
49,,,0.0691422,,,0.10205399999999999,,,0.19588699999999998,56.79000000000087,58.62000000000023,0.463522,0,1
50,,,,,,,,,,,,0.41898799999999997,0,1
51,,,,,,,,,,,,,0,1
52,,,,,,,,,,,,,0,1
53,,,,,,,,,,,,,0,1
54,,,,,,,,,,,,,0,1
55,,,,,,,,,,,,,0,1
56,,,,,,,,,,,,,0,1
57,,,,,,,,,,,,,0,1
58,,,,,,,,,,,,,0,1
59,,,,,,,,,,,,,0,1
60,,,,,,,,,,,,,0,1
61,,,,,,,,,,,,,0,1
62,,,,,,,,,,,,,0,1
63,,,,,,,,,,,,,0,1
64,,,,,,,,,,,,,0,1
65,,,,,,,,,,,,,0,1
66,,,,,,,,,,,,,0,1
67,,,,,,,,,,,,,0,1
68,,,,,,,,,,,,,0,1
69,,,,,,,,,,,,,0,1
70,,,,,,,,,,,,,0,1
71,,,,,,,,,,,,,0,1
72,,,,,,,,,,,,,0,1
73,,,,,,,,,,,,,0,1
74,,,,,,,,,,,,,0,1
75,,,,,,,,,,,,,0,1
76,,,,,,,,,,,,,0,1
77,,,,,,,,,,,,,0,1
78,,,,,,,,,,,,,0,1
79,,,,,,,,,,,,,0,1
80,,,,,,,,,,,,,0,1
81,,,,,,,,,,,,,0,1
82,,,,,,,,,,,,,0,1
83,,,,,,,,,,,,,0,1
84,,,,,,,0.42000000000030013,-1.5600000000006276,0.184668,,,,0,1
84,,,,,,,,,,,,0.219653,1,1
85,,,,,,,3114.09,2233.5300000000007,0.233815,,,,0,2
85,,,,,,,,,,,,0.219653,1,2
85,,,,,,,,,,,,0.17865399999999998,2,2
86,,,,,,,-3113.3100000000013,-2234.3700000000013,0.147759,,,,0,3
86,,,,,,,,,0.17071899999999998,,,,1,3
86,,,,,,,,,,,,0.17865399999999998,2,3
87,,,,,,,-0.39000000000100954,1.4700000000010505,0.247836,,,,0,2
87,,,,,,,,,,,,0.217603,1,2
88,,,,,,,0.45000000000300133,0.32999999999901775,0.21210199999999998,,,,0,1
89,,,,,,,,,0.212918,,,,0,1
90,,,,,,,,,,,,,0,1
91,,,,,,,,,,,,,0,1
92,,,,,,,,,,,,,0,1
93,,,,,,,,,,,,,0,1
94,,,,,,,,,,,,,0,1
95,,,,,,,,,,,,,0,1
96,,,,,,,,,,,,,0,1
97,,,,,,,,,,,,,0,1
98,,,,,,,-1.0199999999997544,-1.9799999999992224,0.224213,,,,0,1
99,,,,,,,,,0.218611,,,,0,1
100,,,,,,,,,,,,,0,1
101,,,,,,,,,,,,,0,1
102,,,,,,,,,,,,,0,1
103,,,,,,,,,0.193761,,,,0,1
104,,,,,,,,,,,,,0,1
105,,,,,,,,,,,,,0,1
106,,,,,,,,,,,,,0,1
107,,,,,,,,,,,,,0,1
108,,,,,,,,,,,,,0,1
109,,,,,,,,,,,,,0,1
110,,,,,,,,,,,,,0,1
111,,,,,,,,,,,,,0,1
112,,,,,,,,,,,,,0,1
113,,,,,,,,,,,,,0,1
114,,,,,,,,,,,,,0,1
115,,,,,,,,,,,,,0,1
116,,,,,,,,,,,,,0,1
117,,,,,,,,,,,,,0,1
118,,,,,,,,,,,,,0,1
119,,,,,,,,,,,,,0,1
120,,,,,,,,,,,,,0,1
121,,,,,,,,,,,,,0,1
122,,,,,,,,,,,,,0,1
123,,,,,,,,,,,,,0,1
124,,,,,,,,,,,,,0,1
125,,,,,,,,,,,,,0,1
126,,,,,,,,,,,,,0,1
127,,,,,,,,,,,,,0,1
128,,,,,,,,,,,,,0,1
129,,,,,,,,,,,,,0,1
130,,,,,,,,,,,,,0,1
131,,,,,,,,,,,,,0,1
132,,,,,,,,,,,,,0,1
133,,,,,,,,,,,,,0,1
134,,,,,,,,,,,,,0,1
135,,,,,,,,,,,,,0,1
136,,,,,,,1.7100000000004911,0.5400000000008731,0.22314699999999998,,,,0,1
137,,,,,,,59.21999999999798,-59.639999999999986,0.188215,,,,0,1
137,,,,,,,,,0.136875,,,,1,1
138,,,0.09065949999999999,,,,,,0.26301599999999997,,,0.15443099999999998,0,2
138,,,,,,,,,0.136875,,,,1,2
139,,,,,,,,,,,,,0,1
140,,,,,,,,,,,,,0,1
141,,,,,,,,,,,,,0,1
142,,,,,,,,,,,,,0,1
143,,,,,,,,,,,,,0,1
144,,,,,,,,,,,,,0,1
145,,,,,,,,,0.194759,,,,0,1
146,,,,,,,,,,,,,0,1
147,,,,,,,,,,,,,0,1
148,,,,,,,,,0.21576099999999998,,,,0,1
149,,,,,,,,,,,,,0,1
150,,,,,,,,,,,,,0,1
151,,,,,,,,,,,,,0,1
152,,,,,,,,,,,,,0,1
153,,,,,,,,,,,,0.131206,0,1
154,,,,,,,,,,,,,0,1
155,,,,,,,,,,,,,0,1
156,,,,,,,,,,,,,0,1
157,,,,,,,,,,,,,0,1
158,,,,,,,,,,,,,0,1
159,,,,,,,,,,,,,0,1
160,,,,,,,,,,,,,0,1
161,,,,,,,,,,,,,0,1
162,,,,,,,,,,,,,0,1
163,,,,,,,,,,,,,0,1
164,,,,,,,,,,,,,0,1
165,,,,,,,-57.21000000000117,-1.7399999999997817,0.195013,,,,0,1
166,,,0.070344,,,,0.29999999999972715,0.5099999999998772,0.247656,,,0.21848099999999998,0,1
166,,,,,,,,,,,,0.254125,1,1
167,,,,,,,1.1100000000010368,-0.959999999999468,0.268555,,,,0,2
167,,,,,,,,,,57.749999999998636,-56.03999999999985,0.254125,1,2
168,,,,,,,,,0.251928,,,,0,2
168,,,,,,,,,,,,0.229712,1,2
169,,,,,,,,,,0.5699999999967531,-0.18000000000085947,0.254141,0,1
170,,,0.0519998,,,,59.67000000000098,-57.240000000000464,0.31080399999999997,,,0.270603,0,1
170,,,,,,,,,,,,0.217969,1,1
171,,,,,,,,,0.237614,,,,0,2
171,,,,,,,,,,,,0.217969,1,2
172,,,,,,,,,,,,,0,1
173,,,,,,,,,,,,,0,1
174,,,,,,,,,,,,,0,1
175,,,,,,,,,,,,,0,1
176,,,,,,,,,,,,,0,1
177,,,,,,,,,,,,,0,1
178,,,,,,,,,,,,,0,1
179,,,,,,,,,,,,,0,1
180,,,0.0964965,,,,0.12000000000057298,0.14999999999986358,0.291864,,,0.253537,0,1
181,,,,,,,56.72999999999888,1.4700000000010505,0.257093,,,,0,1
182,,,,,,,0.42000000000030013,-1.080000000000041,0.201654,,,,0,1
183,,,,,,,-55.50000000000068,2.0999999999997954,0.196435,,,,0,1
184,,,,,,,-2.0099999999968077,0.8699999999998909,0.202918,,,,0,1
185,,,,,,,0.6299999999987449,-1.1099999999993315,0.227852,,,,0,1
185,,,,,,,,,,,,0.24317699999999998,1,1
186,,,,,,,,,0.272735,,,,0,2
186,,,,,,,,,,,,0.24317699999999998,1,2
187,,,,,,,,,,,,,0,1
188,,,,,,,,,,,,,0,1
189,,,,,,,,,,,,,0,1
190,,,,,,,,,,,,,0,1
191,,,,,,,,,,,,,0,1
192,,,,,,,,,,,,,0,1
193,,,,,,,,,,,,,0,1
194,,,,,,,,,,,,,0,1
195,,,,,,,,,,,,,0,1
196,,,,,,,,,,,,,0,1
197,,,,,,,,,,,,,0,1
198,,,,,,,,,,,,,0,1
199,,,,,,,1.4099999999973534,-1.2600000000009004,0.20163899999999998,,,,0,1
200,,,,,,,0.4800000000022919,-57.60000000000048,0.190543,,,,0,1
201,,,,,,,-2.0100000000002183,-0.5699999999984584,0.21551399999999998,,,,0,1
202,,,,,,,,,0.218627,,,,0,1
203,,,,,,,,,,,,,0,1
204,,,,,,,,,,,,,0,1
205,,,,,,,,,,,,,0,1
206,,,,,,,3.0299999999999727,-59.190000000000396,0.21717399999999998,,,,0,1
207,,,,,,,,,0.164494,,,,0,1
208,,,,,,,,,,,,,0,1
209,,,,,,,,,,,,,0,1
210,,,0.09247709999999999,,,,0.7200000000000273,56.06999999999914,0.35669,,,0.303577,0,1
210,,,,,,,,,,,,0.154221,1,1
210,,,,,,,,,,,,0.277499,2,1
211,,,,,,,-4645.620000000001,-1114.2599999999998,0.29408799999999996,,,,0,3
211,,,,,,,,,,,,0.154221,1,3
211,,,,,,,,,,,,0.277499,2,3
212,,,,,,,1351.0199999999998,-235.8000000000004,0.332955,59.820000000000846,-0.5700000000001637,0.681048,0,1
212,,,0.232405,,,,,,,,,,1,1
213,,,,,,,-1411.5300000000013,822.33,0.316681,467.69999999999754,118.89000000000067,0.41676599999999997,0,2
213,,,0.232405,,,,,,,,,,1,2
214,,,,,,0.0558971,178.53000000000065,-349.70999999999947,0.48905699999999996,1.3200000000028922,-0.4499999999995907,0.5820259999999999,0,1
215,,,,,,,117.36000000000104,-119.00999999999954,0.5307069999999999,0.6299999999987449,-0.18000000000085947,0.805935,0,1
216,,,,290.7899999999995,-0.33000000000072305,0.0901361,118.53000000000065,59.850000000000136,0.42061299999999996,-0.9600000000011732,118.53000000000065,0.837348,0,1
217,,,,60.0,58.980000000000246,0.180425,-3.060000000002674,-0.39000000000100954,0.75573,-0.38999999999759893,58.70999999999981,0.864597,0,1
218,61.889999999999645,59.31000000000097,0.06653049999999999,58.79999999999768,-56.16000000000042,0.271733,-114.86999999999853,-58.41000000000008,0.771737,-55.590000000001965,-0.959999999999468,0.8690329999999999,0,1
219,175.13999999999896,-58.530000000000655,0.34712499999999996,176.43000000000256,-3.209999999999127,0.229903,177.24000000000046,-59.1599999999994,0.673767,55.08000000000038,1.049999999999045,0.8568159999999999,0,1
220,-176.03999999999814,409.85999999999933,0.115225,173.99999999999864,-57.81000000000063,0.126299,-0.12000000000057298,-293.49000000000046,0.631258,0.27000000000043656,-58.83000000000038,0.8659779999999999,0,1
221,233.07000000000016,-116.00999999999885,0.644654,62.78999999999883,1.379999999999768,0.440446,349.140000000001,59.46000000000083,0.5996429999999999,-0.29999999999972715,57.36000000000104,0.8485079999999999,0,1
222,-0.09000000000128239,-116.75999999999988,0.736767,408.99000000000115,-0.5999999999994543,0.596988,122.16000000000008,57.23999999999876,0.8003969999999999,-55.50000000000068,-174.38999999999965,0.878141,0,1
223,59.009999999999536,175.13999999999896,0.697236,178.58999999999924,56.219999999999004,0.830368,410.0099999999975,117.30000000000075,0.785964,55.08000000000038,-59.22000000000139,0.8629749999999999,0,1
223,,,,,,,,,0.14167000000000002,,,,1,1
224,56.64000000000101,-1.8000000000000682,0.7211759999999999,175.29000000000224,-59.969999999999004,0.860657,471.2400000000025,116.42999999999915,0.7347629999999999,-58.76999999999839,-0.5399999999991678,0.8248169999999999,0,2
224,,,,,,,,,0.14167000000000002,,,,1,2
225,4.290000000000873,0.18000000000085947,0.76483,174.36000000000035,4.9799999999999045,0.8428300000000001,-4.110000000001719,-174.1499999999985,0.7867689999999999,59.69999999999686,-56.97000000000003,0.575164,0,1
226,-0.6300000000021555,58.320000000000505,0.771262,61.79999999999836,54.68999999999937,0.8502529999999999,296.04000000000156,173.99999999999864,0.6967519999999999,59.55000000000041,-0.8999999999991815,0.6860919999999999,0,1
227,57.41999999999962,-233.49000000000046,0.793875,117.17999999999847,3.8999999999998636,0.8385549999999999,58.68000000000052,1.9800000000009277,0.780594,-176.03999999999814,58.04999999999836,0.668755,0,1
228,3.660000000002128,-56.79000000000087,0.765504,57.96000000000049,56.73000000000059,0.8186439999999999,116.2199999999973,56.72999999999888,0.78685,-294.0899999999999,117.24000000000046,0.564581,0,1
229,114.59999999999809,175.59000000000026,0.7183579999999999,-117.83999999999992,-55.52999999999997,0.7707919999999999,3.480000000002974,59.10000000000082,0.802322,-175.74000000000183,177.75000000000034,0.509595,0,1
230,-0.5400000000008731,114.74999999999966,0.706078,0.8699999999998909,56.54999999999973,0.643778,-0.4800000000022919,3.3899999999999864,0.819579,0.42000000000030013,-1.1400000000003274,0.59418,0,1
231,1.410000000000764,1.9499999999999318,0.794377,59.67000000000098,233.87999999999977,0.761728,233.09999999999945,55.8299999999997,0.7906249999999999,529.3800000000022,59.36999999999955,0.57947,0,1
232,58.62000000000194,0.9300000000001774,0.8365279999999999,-179.40000000000055,-2113.1699999999996,0.709336,58.74000000000251,119.27999999999997,0.8109689999999999,60.269999999997026,-176.25,0.6790579999999999,0,1
233,115.46999999999798,-2.549999999999386,0.7507159999999999,118.85999999999967,2055.6299999999997,0.677761,116.48999999999774,-1.080000000000041,0.786435,57.39000000000033,0.5400000000008731,0.5904739999999999,0,1
234,1.3800000000014734,1.8000000000000682,0.730408,59.1599999999994,115.4400000000004,0.511292,58.470000000002074,-58.70999999999981,0.822514,352.26000000000226,116.03999999999985,0.634953,0,1
235,59.400000000000546,1.049999999999045,0.761892,1.1100000000010368,-349.76999999999975,0.57682,-1.3500000000021828,0.38999999999930424,0.8697159999999999,353.0099999999982,56.73000000000059,0.709723,0,1
236,0.08999999999787178,56.820000000000164,0.782192,56.94000000000074,350.16000000000076,0.542385,-54.9899999999991,-59.969999999999004,0.848413,113.7600000000009,2.429999999998813,0.655565,0,1
236,,,,,,,,,0.155189,,,0.200513,1,1
237,-0.4799999999988813,0.45000000000129603,0.812541,60.50999999999817,57.80999999999892,0.581047,56.12999999999943,-55.889999999999986,0.8546400000000001,58.83000000000038,59.639999999999986,0.731104,0,2
237,,,,,,,,,0.155189,,,0.200513,1,2
238,0.39000000000100954,1.1399999999986221,0.830502,-0.11999999999716238,-233.15999999999974,0.688102,-56.429999999999154,-1.410000000000764,0.846254,121.49999999999864,-1.919999999998936,0.7626149999999999,0,1
238,,,,,,,,,0.289047,,,0.301076,1,1
239,55.08000000000038,-1.049999999999045,0.863406,59.009999999999536,236.12999999999943,0.49973799999999996,-1.5899999999999181,59.610000000000696,0.8325929999999999,175.0500000000011,2.160000000000082,0.799373,0,2
239,,,,,,,175.92000000000098,-57.54000000000019,0.289047,-174.1800000000012,-59.009999999999536,0.301076,1,2
240,0.929999999998472,0.5399999999991678,0.7952100000000001,-2.2200000000020736,-409.9499999999989,0.539613,56.60999999999831,173.7299999999999,0.827819,175.16999999999825,58.47000000000037,0.7909839999999999,0,2
240,,,0.0532758,,,0.0529551,-57.78000000000134,55.679999999999836,0.327532,,,0.303635,1,2
240,,,,,,,,,,,,0.272829,2,2
241,1.5600000000006276,-57.38999999999862,0.810129,57.87000000000262,58.46999999999866,0.6999029999999999,-0.38999999999759893,-116.12999999999943,0.856447,2.2200000000020736,-0.15000000000156888,0.835206,0,3
241,,,,,,,-176.82000000000016,1.6199999999992087,0.278871,,,,1,3
241,,,,,,,,,,,,0.272829,2,3
242,-0.5999999999994543,-1.1700000000013233,0.7997179999999999,-55.590000000001965,56.55000000000143,0.77685,-54.87000000000194,-1.080000000000041,0.868068,-2.639999999998963,117.06000000000131,0.846011,0,2
242,,,0.10940499999999999,,,0.186997,175.62000000000126,-0.9300000000001774,0.3674,-174.08999999999992,-0.6899999999990314,0.395227,1,2
243,1.559999999997217,-59.60999999999899,0.8167179999999999,56.79000000000087,-117.24000000000046,0.7616839999999999,56.820000000000164,-55.679999999999836,0.864474,0.5099999999981719,59.759999999998854,0.868483,0,2
243,,,,,,,,,0.219914,,,0.243451,1,2
244,0.7200000000000273,1.4699999999993452,0.7774300000000001,3.1500000000005457,175.7699999999994,0.5752900000000001,-0.42000000000030013,-1.2600000000009004,0.8781359999999999,-59.1599999999994,-117.29999999999905,0.8699939999999999,0,1
245,-0.8399999999971897,56.849999999999454,0.8176559999999999,54.68999999999937,117.11999999999989,0.733193,-174.32999999999765,116.64000000000101,0.8657079999999999,-292.35000000000014,233.3099999999996,0.854474,0,1
246,-1.3500000000021828,1.5899999999999181,0.8401339999999999,2.0100000000002183,116.10000000000014,0.6845,-59.22000000000139,116.78999999999917,0.7193729999999999,-56.460000000001855,60.54000000000087,0.789677,0,1
247,-56.909999999998035,59.610000000000696,0.832915,0.9900000000004638,63.02999999999997,0.7787419999999999,176.6700000000003,1.1099999999993315,0.703646,-2.880000000000109,-0.9300000000001774,0.838649,0,1
248,58.110000000000355,-1.5600000000006276,0.802535,0.4499999999995907,-0.9899999999987585,0.797469,56.910000000001446,56.43000000000086,0.7272489999999999,-60.74999999999932,57.18000000000018,0.8504569999999999,0,1
249,-0.39000000000100954,-0.36000000000001364,0.8058909999999999,0.8400000000006003,-57.57000000000119,0.8021300000000001,-0.6600000000014461,0.7499999999993179,0.741069,0.029999999999290594,2.51999999999839,0.881413,0,1
250,-2.3099999999999454,1.290000000000191,0.838548,-1.0800000000017462,-0.38999999999930424,0.854359,-0.14999999999986358,-117.0899999999989,0.765741,-54.71999999999866,56.64000000000101,0.859845,0,1
251,-55.679999999999836,58.02000000000078,0.829019,0.9900000000004638,117.35999999999933,0.810755,-878.0100000000016,117.4799999999999,0.599011,-0.5400000000008731,59.34000000000026,0.8712479999999999,0,1
252,0.42000000000030013,-0.5099999999998772,0.832328,-0.35999999999830834,0.4800000000005866,0.8266709999999999,586.44,-292.4100000000004,0.376675,0.12000000000057298,59.850000000000136,0.851188,0,1
253,55.259999999999536,-56.73000000000059,0.8341149999999999,0.7499999999993179,-58.02000000000078,0.8420869999999999,-117.56999999999948,175.50000000000068,0.6458189999999999,0.29999999999972715,115.52999999999997,0.860274,0,1
254,1.3799999999980628,-0.17999999999915417,0.820515,0.6599999999980355,-1.1399999999986221,0.887214,-58.37999999999738,-58.559999999999945,0.593136,0.7200000000000273,-57.9300000000012,0.861459,0,1
255,-0.8699999999998909,-58.17000000000064,0.795635,54.87000000000194,-1.5600000000006276,0.9023129999999999,0.32999999999901775,-236.40000000000157,0.7216779999999999,0.12000000000057298,58.500000000001364,0.850699,0,1
256,-57.8999999999985,-2.0999999999997954,0.8420719999999999,0.8400000000006003,-58.07999999999936,0.9150269999999999,-59.91000000000213,119.25000000000068,0.8198789999999999,-0.5999999999994543,-57.72000000000105,0.851309,0,1
257,-0.9900000000004638,-2.490000000000805,0.809256,59.27999999999997,-61.35000000000048,0.9119379999999999,-233.07000000000016,470.7600000000002,0.71823,0.5400000000008731,57.11999999999989,0.849285,0,1
258,-57.39000000000033,-57.089999999998895,0.7752939999999999,115.91999999999757,-232.530000000001,0.8451609999999999,58.17000000000235,-59.190000000000396,0.764084,53.90999999999735,-115.08000000000038,0.851818,0,1
259,-0.7499999999993179,-1.1100000000010368,0.7657200000000001,-56.6399999999976,-58.46999999999866,0.8170689999999999,58.7399999999991,175.14000000000067,0.824855,-53.579999999998336,117.42000000000132,0.8469479999999999,0,1
260,-115.35000000000082,3.0299999999999727,0.730213,114.77999999999724,-1.8600000000003547,0.814425,-59.820000000000846,176.87999999999874,0.7987059999999999,53.490000000000464,56.72999999999888,0.884269,0,1
261,-1.7699999999990723,56.070000000000846,0.7502369999999999,-56.97000000000003,119.1900000000004,0.794646,-116.27999999999929,-0.5399999999991678,0.823328,-54.9899999999991,1.410000000000764,0.8862519999999999,0,1
262,-58.7399999999991,59.850000000000136,0.7727609999999999,-0.7499999999993179,117.11999999999989,0.689578,0.7200000000000273,-0.42000000000030013,0.832513,0.32999999999901775,-0.8699999999998909,0.8954249999999999,0,1
263,-56.54999999999973,177.5400000000002,0.6969900000000001,58.32000000000221,-235.92000000000098,0.698897,-2.219999999998663,61.50000000000034,0.811012,-0.5700000000001637,-0.08999999999957708,0.883168,0,1
264,57.08999999999719,58.94999999999925,0.66851,58.19999999999823,-116.75999999999988,0.7268049999999999,1.5899999999999181,115.76999999999941,0.855764,-0.21000000000185537,1.4099999999990587,0.8653959999999999,0,1
265,-59.21999999999798,58.43999999999937,0.568958,62.45999999999981,118.62000000000023,0.7502219999999999,58.3199999999988,1.5899999999999181,0.821263,1.020000000003165,-59.87999999999943,0.8576159999999999,0,1
266,2.880000000000109,56.280000000000996,0.611298,0.32999999999901775,233.7299999999999,0.62422,116.34000000000128,0.12000000000057298,0.785198,-0.45000000000300133,59.639999999999986,0.809009,0,1
267,174.51000000000022,-232.79999999999973,0.5921200000000001,-62.57999999999697,174.51000000000022,0.700468,-57.15000000000259,116.6399999999993,0.7943439999999999,1.2000000000023192,58.47000000000037,0.836328,0,1
268,-234.87000000000194,291.7199999999997,0.282593,-0.18000000000256478,4.499999999999318,0.846298,57.300000000002456,116.40000000000157,0.784941,-0.29999999999972715,1.6199999999992087,0.8553419999999999,0,1
269,-56.60999999999831,62.759999999999536,0.515985,2.07000000000221,0.36000000000001364,0.8172800000000001,-57.240000000000464,59.969999999999004,0.7863129999999999,-0.4499999999995907,-765.36,0.7843800000000001,0,1
270,-0.4800000000022919,-61.31999999999948,0.8140609999999999,54.93000000000052,-2.4899999999990996,0.864545,-0.12000000000057298,-58.64999999999952,0.79154,56.60999999999831,176.07000000000085,0.755119,0,1
271,-1.6499999999984993,0.6300000000004502,0.8507589999999999,0.08999999999787178,-0.5099999999998772,0.902002,-0.5999999999994543,-0.7800000000003138,0.7929649999999999,-1.799999999998363,177.98999999999978,0.830028,0,1
272,-59.97000000000071,-352.4400000000014,0.806129,-55.650000000000546,-0.5400000000008731,0.8852829999999999,58.70999999999981,0.38999999999930424,0.789307,0.5999999999994543,467.21999999999866,0.8488739999999999,0,1
273,-1.6499999999984993,0.33000000000072305,0.841332,0.0,-0.36000000000001364,0.8853700000000001,-59.03999999999883,57.11999999999989,0.8110149999999999,-0.5100000000015825,235.77000000000112,0.8579289999999999,0,1
274,-57.03000000000202,-1.6199999999992087,0.8045749999999999,-2.039999999999509,1.3500000000004775,0.891135,-0.42000000000030013,0.7800000000003138,0.8268249999999999,-55.230000000000246,118.22999999999922,0.829305,0,1
275,-176.2799999999993,58.64999999999952,0.784202,-57.86999999999921,57.96000000000049,0.867348,116.87999999999874,0.14999999999986358,0.820002,-2.399999999997817,120.12000000000057,0.863038,0,1
276,117.03000000000202,-114.69000000000108,0.7319209999999999,-56.849999999999454,-0.6900000000007367,0.8440759999999999,-116.34000000000128,59.10000000000082,0.818901,0.5099999999981719,232.86,0.8504649999999999,0,1
277,-116.91000000000145,-0.9899999999987585,0.7521869999999999,-60.240000000001146,118.23000000000093,0.852077,59.07000000000153,-0.14999999999986358,0.8446969999999999,0.5700000000001637,-118.89000000000067,0.848955,0,1
278,-0.4799999999988813,57.54000000000019,0.781463,-114.36000000000035,117.26999999999975,0.8205969999999999,-116.49000000000115,-1.0199999999997544,0.83113,-3.120000000001255,117.78000000000134,0.8414119999999999,0,1
279,-114.08999999999992,-55.410000000001105,0.763923,-0.42000000000030013,115.61999999999955,0.8520169999999999,-115.76999999999771,57.65999999999906,0.8215509999999999,-231.53999999999883,176.42999999999915,0.8010729999999999,0,1
280,-0.12000000000057298,405.72,0.835298,-0.20999999999844476,4.619999999999891,0.886535,-4.619999999999891,-54.9899999999991,0.837499,-59.1599999999994,61.52999999999963,0.779284,0,1
281,-2.7300000000002456,-57.83999999999992,0.783227,-2.4899999999990996,55.8299999999997,0.8939469999999999,-0.12000000000057298,-294.33000000000106,0.784219,-0.4499999999995907,174.30000000000007,0.781254,0,1
281,,,,,,,,,0.298746,,,,1,1
281,,,,,,,,,,,,0.255714,2,1
282,-0.27000000000043656,0.8400000000006003,0.789705,-0.45000000000300133,3.1799999999998363,0.9005500000000001,-54.839999999999236,-118.37999999999909,0.757504,-0.5999999999994543,0.14999999999986358,0.7529549999999999,0,3
282,,,,,,,-57.900000000000205,175.59000000000026,0.298746,,,,1,3
282,,,,,,,,,,-0.9900000000004638,175.95000000000027,0.255714,2,3
283,0.29999999999972715,60.570000000000164,0.843212,-56.099999999996726,115.8600000000007,0.8681369999999999,-1.290000000000191,-59.160000000001105,0.8058379999999999,0.08999999999787178,57.870000000000914,0.762118,0,3
283,,,,,,,,,0.317778,,,,1,3
283,,,,,,,,,,,,0.282337,2,3
284,0.4499999999995907,57.35999999999933,0.887235,1.3799999999980628,-57.56999999999948,0.837814,-1.5000000000020464,-2.4899999999990996,0.895222,-57.329999999998336,116.10000000000014,0.776508,0,3
284,,,,,,,,,,-57.27000000000146,-350.7299999999992,0.39279000000000003,1,3
284,,,,,,,,,0.47723899999999997,,,,2,3
285,-1.2299999999981992,-57.900000000000205,0.8582949999999999,54.780000000000655,-3.0600000000009686,0.856439,-2.4300000000005184,0.5099999999998772,0.9052629999999999,0.6299999999987449,1.7099999999987858,0.7995500000000001,0,2
285,,,,,,,-55.95000000000027,-117.5099999999992,0.624211,56.19000000000142,-1.6800000000012005,0.392916,1,2
286,2.1299999999973807,-1.080000000000041,0.9002779999999999,1.1400000000003274,-56.48999999999944,0.8727189999999999,-114.21000000000049,59.78999999999985,0.890832,0.36000000000171894,-1.7399999999997817,0.801515,0,2
286,,,0.14296599999999998,,,,116.6700000000003,469.70999999999947,0.504034,118.07999999999936,822.8399999999999,0.365037,1,2
287,-0.14999999999986358,-115.85999999999899,0.888119,-0.09000000000128239,-57.660000000000764,0.882914,-117.32999999999834,354.00000000000034,0.8520909999999999,0.5700000000001637,0.24000000000114596,0.7841579999999999,0,2
287,,,,,,0.12547,-57.479999999999905,-174.80999999999995,0.406379,,,0.39469000000000004,1,2
287,,,,,,,,,,,,0.333121,2,2
288,60.0,-234.5999999999998,0.8350369999999999,0.6300000000021555,-5.489999999999782,0.8913979999999999,-57.98999999999978,176.90999999999974,0.814666,-0.9900000000004638,1.6499999999984993,0.771915,0,3
288,,,,,,,-2.880000000000109,-1.620000000000914,0.42101299999999997,,,,1,3
288,,,,,,,,,,-1.830000000001064,-116.93999999999903,0.333121,2,3
289,-2.6999999999975444,174.08999999999992,0.601028,57.53999999999678,-347.69999999999925,0.8844200000000001,-2.280000000000655,411.44999999999925,0.796968,-1.5600000000006276,57.75000000000034,0.7961729999999999,0,3
289,,,,,,,0.8699999999998909,-57.23999999999876,0.425143,,,,1,3
289,,,,,,,,,,2.3400000000009413,-57.72000000000105,0.345418,2,3
290,-115.4099999999994,177.5099999999992,0.551039,58.950000000000955,-177.62999999999977,0.840283,-113.84999999999877,409.1700000000003,0.841453,-0.5999999999994543,2.1300000000007913,0.8590869999999999,0,3
290,,,,,,,2.039999999999509,174.41999999999894,0.421021,,,,1,3
290,,,,,,,,,,-0.8400000000006003,233.16000000000145,0.300157,2,3
291,-59.310000000002674,1.620000000000914,0.717444,0.7800000000020191,-234.06000000000063,0.843804,-5.100000000002183,61.620000000000914,0.854111,-54.750000000001364,0.8999999999991815,0.858116,0,3
291,,,,,,,56.97000000000003,-176.1899999999997,0.385843,,,,1,3
291,,,,,,,,,,1.5600000000006276,-234.1500000000002,0.29419799999999996,2,3
292,-59.09999999999741,55.73999999999842,0.7557,-0.24000000000114596,-61.2600000000009,0.814705,-117.41999999999962,57.80999999999892,0.8503459999999999,-0.5400000000008731,56.610000000000014,0.847034,0,3
292,,,,,,,-1.7399999999997817,1.3500000000004775,0.366992,,,,1,3
292,,,,,,,,,,-0.33000000000072305,57.98999999999978,0.304568,2,3
293,-118.92000000000166,60.48000000000059,0.760435,58.139999999999645,2.700000000000955,0.811794,-290.4899999999998,291.78,0.745292,-0.7200000000000273,-0.5399999999991678,0.843784,0,3
293,,,,,,,-173.64000000000033,-0.06000000000028649,0.343159,,,,1,3
293,,,,,,,,,,-117.14999999999918,0.7499999999993179,0.325841,2,3
294,-114.83999999999924,174.68999999999937,0.548582,59.97000000000071,-118.95000000000095,0.70125,290.4899999999998,1.620000000000914,0.748649,56.399999999999864,-118.26000000000022,0.8492569999999999,0,3
294,,,,,,,,,0.334657,,,,1,3
294,,,,,,,,,,,,0.320833,2,3
295,-118.50000000000136,234.84000000000094,0.386978,-1.2300000000016098,57.54000000000019,0.7990269999999999,2.6700000000016644,119.45999999999913,0.793315,1.8600000000003547,-57.56999999999948,0.8013319999999999,0,1
295,,,,,,,,,0.38105000000000006,,,0.288283,1,1
296,-3.2399999999984175,59.93999999999971,0.7470859999999999,-57.0599999999979,117.69000000000005,0.7793059999999999,55.55999999999926,57.39000000000033,0.816056,-0.29999999999972715,-175.74000000000012,0.792499,0,2
296,,,,,,,-178.49999999999966,-470.63999999999965,0.38105000000000006,-352.64999999999986,-528.75,0.288283,1,2
297,-0.5400000000008731,-59.429999999999836,0.764011,-1.65000000000191,234.44999999999993,0.789887,0.5100000000015825,117.0599999999996,0.802364,58.500000000001364,-59.88000000000113,0.783198,0,2
297,,,,,,,57.96000000000049,1058.0700000000002,0.227769,-60.660000000001446,1175.7600000000002,0.205148,1,2
298,-114.38999999999965,0.12000000000057298,0.610431,0.5700000000001637,119.04000000000053,0.815433,-0.9000000000025921,-116.15999999999872,0.803927,-57.98999999999978,-118.22999999999922,0.785967,0,2
298,,,,,,,-234.06000000000063,529.0200000000004,0.26231299999999996,,,0.407713,1,2
298,,,,,,,,,,,,0.33048099999999997,2,2
299,-234.9599999999998,59.18999999999869,0.667258,-59.72999999999956,176.6700000000003,0.845942,1.169999999999618,116.69999999999959,0.804418,-0.8400000000006003,-56.6700000000003,0.842804,0,3
299,,,,,,,-58.980000000000246,56.78999999999917,0.294691,,,,1,3
299,,,,,,,,,,-58.799999999999386,59.04000000000053,0.33048099999999997,2,3
300,116.25,-56.219999999999004,0.745494,1.9800000000009277,176.75999999999988,0.8042619999999999,-1.4400000000000546,-0.5999999999994543,0.823203,-56.30999999999858,114.68999999999937,0.8531400000000001,0,3
300,,,,,,,-114.51000000000022,-115.70999999999913,0.277551,,,,1,3
300,,,,,,,,,,-58.68000000000052,-1.169999999999618,0.265451,2,3
301,-116.37000000000057,-58.85999999999967,0.784449,-1.8600000000003547,57.11999999999989,0.8399209999999999,0.8400000000006003,-59.160000000001105,0.79798,-59.88000000000284,120.09000000000128,0.882581,0,3
301,,,,,,,-474.2399999999998,-704.5800000000014,0.313835,,,,1,3
301,,,,,,,,,,,,0.36230799999999996,2,3
302,-57.41999999999962,-3.96000000000015,0.865564,-56.910000000001446,57.83999999999992,0.8615539999999999,0.42000000000030013,58.89000000000067,0.812419,-3.8999999999998636,351.2099999999998,0.8463459999999999,0,2
302,,,,,,,-117.24000000000046,59.55000000000041,0.551736,-58.559999999999945,-59.51999999999941,0.6177400000000001,1,2
303,-0.6600000000014461,-0.7800000000003138,0.8713719999999999,0.27000000000043656,1.9200000000006412,0.868587,-1.1999999999989086,58.83000000000038,0.8183100000000001,-59.009999999999536,409.83000000000004,0.8581489999999999,0,2
303,-176.1899999999997,-115.92000000000098,0.132157,-57.39000000000033,-118.14000000000135,0.109592,-348.3299999999997,-58.88999999999896,0.680273,-0.6899999999990314,-117.0599999999996,0.698855,1,2
304,-2.639999999998963,-173.7900000000002,0.8707469999999999,-0.7499999999993179,0.32999999999901775,0.858194,-55.590000000001965,115.7999999999987,0.823361,-114.5699999999988,414.02999999999963,0.8085509999999999,0,2
304,-58.980000000000246,-59.39999999999884,0.264296,-1.3499999999987722,0.8400000000006003,0.13946799999999998,-354.1500000000002,469.34999999999945,0.7644200000000001,-56.13000000000113,0.5399999999991678,0.745022,1,2
305,-55.8299999999997,-233.55000000000075,0.8317669999999999,0.27000000000043656,2.459999999999809,0.8577089999999999,0.18000000000256478,0.5700000000001637,0.829336,-58.559999999999945,234.30000000000007,0.787948,0,2
305,-59.97000000000071,0.06000000000028649,0.22142299999999998,58.83000000000038,-58.02000000000078,0.143015,-180.21000000000015,350.8499999999998,0.759285,-0.7499999999993179,232.79999999999973,0.749637,1,2
306,-2.280000000000655,-61.34999999999877,0.8506009999999999,-58.3199999999988,55.35000000000082,0.839976,55.4099999999994,-57.959999999998786,0.824881,-59.1599999999994,234.78000000000065,0.736804,0,2
306,,,0.16957799999999998,,,0.162206,-469.2299999999989,470.19000000000005,0.7828459999999999,-57.30000000000075,1.7700000000007776,0.760072,1,2
307,-57.329999999998336,-0.9300000000001774,0.8493839999999999,-1.890000000003056,58.85999999999967,0.8486,-54.53999999999951,-0.33000000000072305,0.8270609999999999,-59.13000000000011,120.23999999999944,0.736463,0,2
307,,,,,,,-411.5699999999998,-115.59000000000026,0.709834,0.14999999999986358,-0.5400000000008731,0.765713,1,2
308,-119.13000000000011,-233.81999999999948,0.808241,-54.62999999999738,118.95000000000095,0.840131,-2.400000000001228,1.6500000000002046,0.821541,-59.49000000000183,-1.169999999999618,0.769573,0,2
308,,,0.365562,-176.3100000000003,58.64999999999952,0.186882,-59.76000000000056,57.690000000000055,0.624679,-2.1899999999993724,-116.82000000000016,0.77788,1,2
309,-117.30000000000246,58.169999999998936,0.775361,-1.770000000002483,114.35999999999865,0.8348869999999999,2.3700000000019372,-117.96000000000049,0.779516,-59.70000000000027,351.1799999999988,0.754169,0,2
309,,,,-59.429999999999836,-57.96000000000049,0.180893,-115.14000000000067,294.78000000000065,0.642058,0.23999999999944066,-118.25999999999851,0.7731159999999999,1,2
310,-57.41999999999962,118.80000000000109,0.794531,-1.8899999999996453,59.04000000000053,0.8603529999999999,-119.07000000000153,-58.19999999999993,0.785848,-57.92999999999779,236.25,0.749852,0,2
310,2998.229999999999,704.7599999999989,0.118475,,,0.19150599999999998,2587.14,-588.1799999999998,0.595673,-2763.2400000000002,1234.5299999999986,0.775123,1,2
311,-58.169999999998936,0.7799999999986085,0.82835,-0.38999999999759893,3.0599999999992633,0.893327,-117.74999999999864,-57.96000000000049,0.746844,-0.8400000000006003,295.0500000000011,0.7287589999999999,0,2
311,,,0.0641101,,,,-2761.8599999999988,1000.1099999999997,0.688835,2762.52,-1412.5799999999986,0.558035,1,2
312,-3.3000000000004093,119.42999999999984,0.8646900000000001,-2.0100000000002183,56.58000000000072,0.902118,-114.95999999999981,-61.80000000000007,0.7632500000000001,-58.65000000000123,56.27999999999929,0.76868,0,2
312,,,,-294.1200000000009,529.7400000000005,0.11126000000000001,-57.9300000000012,57.59999999999877,0.586097,-57.14999999999918,236.03999999999985,0.733297,1,2
313,-57.21000000000117,405.8400000000006,0.870845,0.08999999999787178,60.50999999999988,0.890806,-2.700000000000955,-60.149999999999864,0.818812,0.29999999999972715,-56.57999999999902,0.761786,0,2
313,,,,-59.429999999999836,-59.46000000000083,0.229789,-2.7300000000002456,0.8100000000013097,0.6916249999999999,-57.929999999999495,-174.90000000000123,0.734024,1,2
314,0.0,5.129999999999768,0.874004,-0.23999999999773536,57.39000000000033,0.8700289999999999,-56.73000000000229,-172.82999999999902,0.8719469999999999,0.42000000000030013,59.21999999999798,0.7776500000000001,0,2
314,-60.360000000000014,-59.46000000000083,0.10061,-176.88000000000045,-293.3699999999999,0.235762,0.7500000000010232,-1.0199999999997544,0.7431059999999999,-177.69000000000005,-59.549999999998704,0.757035,1,2
315,-0.8999999999991815,57.00000000000102,0.904454,-55.650000000000546,60.23999999999944,0.8524849999999999,-3.4499999999968622,172.5,0.8591519999999999,-0.029999999999290594,57.00000000000273,0.754073,0,2
315,-588.03,705.9600000000012,0.102723,-59.03999999999883,-235.7999999999987,0.23238799999999998,-0.9000000000008868,0.5099999999981719,0.711812,-238.23000000000093,117.54000000000019,0.7331219999999999,1,2
316,-1.5600000000006276,0.08999999999957708,0.9088609999999999,0.9599999999977626,-58.799999999999386,0.8312900000000001,-0.21000000000185537,62.4899999999991,0.866258,1.0799999999983356,60.269999999997026,0.744471,0,2
316,-1.1400000000003274,-117.24000000000046,0.14355,-234.78000000000065,-175.8600000000007,0.177359,-57.83999999999992,58.500000000001364,0.733131,-350.9399999999994,350.57999999999936,0.6397459999999999,1,2
317,-56.25,-1.7100000000004911,0.905824,55.50000000000068,-57.96000000000049,0.8511259999999999,-114.33000000000106,469.5900000000006,0.8551300000000001,56.34000000000128,-116.84999999999945,0.737586,0,2
317,-350.57999999999936,235.08000000000038,0.25846399999999997,-293.87999999999977,117.33000000000004,0.21296199999999998,-1.6799999999994952,0.9600000000011732,0.767624,-294.44999999999993,530.7600000000002,0.725808,1,2
318,-57.83999999999992,-0.9300000000001774,0.880425,2.459999999999809,-117.35999999999933,0.854027,-177.14999999999918,528.1799999999998,0.816901,-55.88999999999828,-59.429999999999836,0.7628079999999999,0,2
318,-470.64000000000135,-0.09000000000128239,0.758485,-292.2000000000003,118.3499999999998,0.238373,0.8400000000006003,-59.94000000000142,0.7389749999999999,-644.0699999999998,822.4799999999982,0.418573,1,2
319,-117.20999999999776,3.4800000000012687,0.865254,1.4699999999993452,-178.2900000000012,0.8868809999999999,-114.26999999999907,530.4599999999988,0.7761100000000001,-59.07000000000153,56.490000000001146,0.768689,0,2
319,-412.8899999999993,-59.339999999998554,0.589912,-235.31999999999982,-117.24000000000046,0.29187799999999997,3.299999999998704,234.48000000000093,0.758737,-471.2400000000008,295.4100000000028,0.657145,1,2
320,-116.22000000000071,-0.09000000000128239,0.83101,0.7500000000027285,-237.29999999999905,0.8172429999999999,-59.49000000000183,704.2500000000007,0.7798769999999999,-1.5600000000006276,2.6099999999996726,0.7834089999999999,0,2
320,-467.79000000000053,-293.0100000000016,0.525771,-2.1300000000007913,115.4400000000004,0.32468,114.96000000000151,119.82000000000085,0.69576,-295.23000000000025,587.0399999999995,0.631313,1,2
321,-10874.7,-939.5699999999988,0.8389500000000001,-11053.080000000002,60.29999999999973,0.884942,-8995.199999999999,-645.9599999999978,0.805681,-10225.769999999999,292.25999999999885,0.753316,0,2
321,10345.410000000002,705.6600000000014,0.815364,11167.980000000001,-234.1799999999995,0.541826,8698.829999999998,877.6799999999992,0.551675,9758.489999999998,-764.28,0.646612,1,2
322,10756.980000000001,1113.75,0.808535,11344.529999999999,-645.2100000000002,0.468952,8756.520000000002,1293.8999999999999,0.41786399999999996,10226.76,-350.96999999999866,0.505134,0,2
322,-11169.36,-1058.5200000000013,0.846453,-11343.21,353.54999999999905,0.8029759999999999,-8817.84,-1114.47,0.7708189999999999,-10991.789999999999,882.5400000000002,0.7500500000000001,1,2
323,-3.5100000000022646,60.570000000000164,0.83111,56.94000000000074,-117.96000000000049,0.8075669999999999,-56.76000000000158,-1.5000000000020464,0.716556,0.0,-0.9600000000011732,0.7679819999999999,0,2
323,-235.8299999999997,-293.22,0.823927,-175.29000000000053,0.5099999999998772,0.325856,0.5099999999998772,-175.08000000000038,0.448955,-175.70999999999913,-353.55000000000246,0.5770259999999999,1,2
324,-11694.329999999998,-1588.1400000000012,0.842734,-11753.13,939.9000000000012,0.807573,-8580.66,-1116.3599999999997,0.6698919999999999,-11460.78,527.1899999999994,0.79446,0,2
324,11283.96,1703.9100000000008,0.766361,11695.410000000002,-648.8699999999989,0.142305,8641.98,1410.2400000000011,0.6945779999999999,11284.739999999998,-589.1999999999996,0.612063,1,2
325,-528.6600000000004,236.03999999999985,0.734626,-353.91000000000076,59.51999999999941,0.144526,-178.26000000000022,-471.92999999999984,0.605829,-176.1899999999997,-175.8299999999997,0.55149,0,2
325,-175.7699999999977,58.17000000000064,0.864757,58.76999999999839,57.35999999999933,0.8253959999999999,231.3000000000011,469.76999999999975,0.677103,57.240000000000464,-115.70999999999913,0.804342,1,2
326,-351.92999999999984,176.19000000000142,0.763744,-57.77999999999963,527.5499999999994,0.14768299999999998,-234.38999999999965,-173.7300000000016,0.586828,-410.99999999999966,823.5900000000026,0.509664,0,2
326,-117.90000000000191,119.09999999999911,0.8397479999999999,56.100000000000136,119.70000000000027,0.851665,0.24000000000114596,293.6999999999989,0.7183579999999999,57.81000000000063,-59.370000000001255,0.8105049999999999,1,2
327,12164.37,1821.9299999999998,0.700526,12282.269999999999,-940.2899999999988,0.15562,9284.67,2645.76,0.721781,12226.050000000001,-1351.2300000000016,0.528475,0,2
327,-12282.27,-1469.8799999999994,0.8199449999999999,-12633.24,1235.0099999999993,0.8554959999999999,-9400.890000000001,-939.9899999999991,0.708666,-12340.800000000001,1704.4200000000023,0.817807,1,2
328,-58.62000000000194,118.07999999999936,0.889797,-55.3799999999967,294.80999999999995,0.8568239999999999,1.6199999999992087,114.72000000000207,0.757687,54.780000000000655,-176.25,0.8329700000000001,0,2
328,-236.07,410.3699999999992,0.696778,0.08999999999957708,-58.76999999999839,0.131148,-293.06999999999846,-353.16000000000145,0.425263,-58.41000000000008,0.4499999999995907,0.573194,1,2
329,-59.60999999999899,1.169999999999618,0.865018,-3.450000000000273,237.0899999999989,0.8212149999999999,0.18000000000256478,0.17999999999915417,0.780574,0.35999999999830834,58.080000000001064,0.8494309999999999,0,2
329,-117.42000000000047,412.23000000000127,0.635699,234.42000000000064,-58.710000000001514,0.0907164,-589.47,-1704.479999999999,0.32076699999999997,173.7600000000009,-353.07000000000016,0.506706,1,2
330,-12224.639999999998,-883.9800000000002,0.822699,-12163.2,821.0700000000008,0.8833139999999999,-10284.990000000002,-2174.100000000001,0.7859069999999999,-12400.47,2056.59,0.8529319999999999,0,2
330,12341.640000000001,1291.049999999999,0.702683,12341.28,173.46000000000117,0.100948,10285.05,3350.220000000001,0.289555,12284.43,-1235.4300000000012,0.381602,1,2
331,118.88999999999982,292.71000000000015,0.402352,-410.99999999999966,116.73000000000059,0.302708,-1351.110000000001,-293.7299999999982,0.35648399999999997,-290.3100000000006,0.08999999999787178,0.545858,0,2
331,-116.60999999999831,1.4699999999993452,0.801059,-57.06000000000131,2.639999999998963,0.8628939999999999,0.14999999999986358,58.61999999999853,0.790677,0.4799999999988813,296.2200000000007,0.837177,1,2
332,-2.5500000000002387,-0.36000000000001364,0.537984,-237.39000000000033,-351.6900000000004,0.41964399999999996,-588.2999999999987,1058.0999999999995,0.348937,56.399999999999864,-292.4099999999987,0.578044,0,2
332,-57.90000000000191,-291.2699999999984,0.808178,-1.0199999999997544,58.80000000000109,0.8563139999999999,0.9900000000004638,-117.78000000000134,0.8096409999999999,0.4800000000022919,702.1799999999985,0.799572,1,2
333,-465.9899999999996,-56.72999999999888,0.592672,-702.9299999999995,-59.06999999999982,0.668891,-410.0100000000009,411.3599999999997,0.592093,-59.06999999999982,175.95000000000027,0.617091,0,2
333,-56.34000000000128,-64.47000000000003,0.855885,-57.44999999999891,1.169999999999618,0.853466,-1.8000000000017735,118.68000000000052,0.787279,-1.6200000000026193,882.3300000000017,0.7845519999999999,1,2
334,12225.18,175.10999999999967,0.40616599999999997,13339.949999999999,58.01999999999907,0.6999329999999999,12632.91,1233.03,0.72972,12633.810000000001,645.5700000000002,0.582982,0,2
334,-11759.249999999996,-1701.450000000001,0.8804879999999999,-13521.210000000001,-823.3800000000008,0.839838,-13107.479999999998,-821.6099999999983,0.764363,-12753.57,1.7399999999997817,0.746165,1,2
335,-2.5500000000010914,-177.30000000000075,0.867798,-58.919999999998254,2.5500000000010914,0.819006,0.09000000000128239,57.9300000000012,0.789122,-114.27000000000248,938.6699999999996,0.7305959999999999,0,2
335,-1174.5900000000006,1351.770000000001,0.200122,-761.8799999999987,293.0099999999999,0.436446,-1114.4399999999998,703.5300000000007,0.733767,1.080000000000041,59.22000000000139,0.5469700000000001,1,2
336,-116.22000000000071,-408.17999999999984,0.8570700000000001,-59.1900000000021,174.1500000000002,0.8033589999999999,-0.27000000000043656,-55.8299999999997,0.8112459999999999,-59.60999999999899,708.1500000000005,0.7034039999999999,0,2
336,177.2700000000006,293.3999999999992,0.0743307,-763.0800000000011,0.30000000000143245,0.37005699999999997,-763.1399999999996,-1351.980000000001,0.31248699999999996,0.9300000000001774,-0.33000000000242835,0.520018,1,2
337,-176.6399999999976,-2.0100000000002183,0.855035,-58.68000000000052,118.55999999999995,0.796808,-0.17999999999915417,57.08999999999719,0.832587,-116.19000000000142,292.4700000000007,0.63804,0,2
337,,,0.0718726,,,0.498872,,,0.125938,0.08999999999957708,-59.90999999999872,0.482471,1,2
337,,,,,,0.178197,,,,,,,2,2
337,,,,,,,,,0.12480899999999999,,,,3,2
338,-115.80000000000041,-116.12999999999943,0.8088019999999999,-58.76999999999839,233.63999999999862,0.843113,-56.61000000000172,-57.8999999999985,0.805632,-120.72000000000003,117.44999999999891,0.589156,0,4
338,,,,,,,,,,-1.4400000000000546,0.39000000000100954,0.41429299999999997,1,4
338,,,,,,0.178197,,,,,,,2,4
338,,,,,,,,,0.12480899999999999,,,,3,4
339,-63.63000000000284,114.06000000000063,0.8114669999999999,-2.160000000000082,59.10000000000082,0.853788,-0.38999999999759893,-234.90000000000123,0.781597,-116.39999999999986,-117.66000000000076,0.54195,0,2
339,-295.1100000000005,-58.710000000001514,0.06337659999999999,-234.86999999999938,114.36000000000035,0.748023,-468.60000000000014,1527.6599999999974,0.0505838,2.2200000000003683,59.339999999998554,0.5893149999999999,1,2
340,-172.9499999999996,3.3299999999997,0.846329,-54.9899999999991,59.87999999999943,0.842621,-234.1500000000019,-59.369999999997844,0.750316,-232.70999999999844,294.9599999999998,0.5300079999999999,0,2
340,3058.5000000000005,-999.6600000000001,0.0551199,,,0.678014,,,0.0602792,,,0.26309499999999997,1,2
340,,,,,,0.21425000000000002,,,,,,,2,2
340,,,,,,,,,0.194566,,,,3,2
340,,,,,,,,,,,,0.20802199999999998,4,2
341,-236.2799999999993,117.65999999999906,0.8215589999999999,-3.629999999999427,116.22000000000071,0.8428089999999999,-116.22000000000071,-58.83000000000038,0.7590009999999999,-118.50000000000136,764.8799999999994,0.45248499999999997,0,5
341,-175.92000000000013,175.92000000000098,0.271615,,,,,,,,,,1,5
341,,,,,,0.21425000000000002,,,,,,,2,5
341,,,,,,,,,0.194566,,,,3,5
341,,,,,,,,,,,,0.20802199999999998,4,5
342,-115.55999999999926,411.84000000000026,0.8025939999999999,-0.8100000000013097,57.41999999999962,0.8555109999999999,-60.08999999999787,-1.3800000000014734,0.783086,-57.83999999999992,-0.14999999999986358,0.325079,0,2
342,-119.04000000000053,1.049999999999045,0.354832,,,,-1234.5900000000006,-3525.749999999999,0.206875,-59.414999999999765,-0.29999999999972715,0.243194,1,2
343,-9699.210000000001,411.2099999999998,0.8510700000000001,,,0.842734,,,0.813646,-17516.966999999997,-1058.0999999999995,0.403964,0,2
343,9401.699999999999,940.8600000000007,0.101585,,,,12165.150000000001,2054.6399999999985,0.056751699999999995,17454.614999999998,1058.7299999999982,0.37260000000000004,1,2
344,-58.73999999999995,410.3700000000009,0.291699,,,,,,,59.621999999999815,292.6200000000006,0.323283,0,2
344,-291.80999999999926,411.92999999999984,0.795643,54.720000000002074,406.5899999999999,0.8395769999999999,-58.7700000000018,2.759999999999536,0.745833,2.6700000000016644,-0.05999999999858119,0.37451199999999996,1,2
345,-58.43999999999937,-0.39000000000100954,0.170379,,,,-5407.718999999999,3056.7299999999987,0.0961519,4231.545,-2644.9199999999996,0.42977299999999996,0,2
345,-115.20000000000095,293.58000000000004,0.853097,3.6000000000001364,0.33000000000072305,0.858267,-408.2399999999984,175.65000000000055,0.77146,54.86999999999853,-0.05999999999858119,0.48300899999999997,1,2
345,,,0.18057,,,,,,,,,,2,2
346,9284.73,471.6900000000004,0.100898,22278.456000000002,2349.7499999999995,0.06602279999999999,16043.229000000001,-1647.4199999999996,0.5598200000000001,13281.749999999998,3410.819999999999,0.42864599999999997,0,3
346,-8934.51,115.25999999999954,0.816901,,,0.857606,-14519.340000000002,2232.6300000000015,0.7858569999999999,-17571.297,-941.25,0.526242,1,3
346,,,0.18057,,,,,,,,,,2,3
347,-234.2100000000005,-177.24000000000046,0.791742,56.939999999997326,-174.51000000000022,0.866756,-350.1000000000022,1529.2500000000007,0.6691800000000001,2.2500000000013642,-0.17999999999915417,0.44404299999999997,0,2
347,116.46000000000015,-411.47999999999854,0.428512,,,,59.27999999999997,-116.64000000000101,0.150215,-175.04700000000014,0.20999999999844476,0.33247299999999996,1,2
348,7877.519999999999,-117.95999999999879,0.761431,-7991.339999999999,-0.5700000000001637,0.789217,,,0.278405,,,0.16223,0,2
348,235.23000000000025,-115.8600000000007,0.733462,,,,-939.9900000000004,-0.7499999999993179,0.121442,-117.83999999999992,-177.21000000000117,0.297523,1,2
349,-8054.609999999999,1.5299999999996317,0.810643,8050.4400000000005,-702.5400000000002,0.78268,,,,,,,0,2
349,116.61000000000001,-117.77999999999963,0.671114,,,,-588.75,59.13000000000011,0.0981663,,,0.09372499999999999,1,2
350,-117.98999999999978,0.23999999999944066,0.8019759999999999,58.080000000001064,-180.08999999999958,0.791176,,,0.26223799999999997,-54.780000000000655,-0.029999999999290594,0.334436,0,2
350,0.7200000000000273,-174.74999999999966,0.610232,,,,,,0.07303069999999999,,,,1,2
351,-175.95000000000027,-61.37999999999977,0.7855289999999999,176.39999999999986,-703.3799999999991,0.713831,,,,55.8299999999997,0.09000000000128239,0.29721000000000003,0,2
351,,,0.6976549999999999,,,,,,,,,,1,2
352,-173.58000000000004,-0.14999999999986358,0.571549,115.46999999999798,-352.5,0.768879,,,,-55.92000000000098,0.0,0.24657099999999998,0,1
353,-120.53999999999917,-55.38000000000011,0.883798,-0.6299999999987449,-117.27000000000146,0.7385379999999999,,,,54.68999999999937,-0.06000000000199179,0.237622,0,1
354,-292.64999999999986,233.51999999999975,0.806825,-56.54999999999973,-59.219999999999686,0.7152769999999999,,,,-54.86999999999853,-0.029999999999290594,0.238751,0,1
354,,,0.332706,,,,,,,,,,1,1
355,-119.01000000000124,292.74000000000115,0.718329,-58.26000000000022,58.65000000000123,0.717191,,,,56.99999999999932,-0.05999999999858119,0.261891,0,2
355,,,0.332706,,,,,,,,,,1,2
356,-353.3699999999999,351.6599999999994,0.8289300000000001,-118.92000000000166,234.68999999999937,0.6675829999999999,,,,0.029999999999290594,-0.0300000000027012,0.18928599999999998,0,2
356,,,,,,0.716457,,,,,,,1,2
357,-410.3399999999999,354.44999999999993,0.824125,-117.11999999999989,175.89,0.629293,,,,-1.4099999999973534,-0.029999999999290594,0.151731,0,1
357,,,,,,0.31319,,,,,,,1,1
358,-528.39,703.8900000000007,0.432589,-117.86999999999921,468.6899999999997,0.772948,,,,,,0.0579166,0,2
358,,,,,,0.31319,,,,,,,1,2
359,,,0.706029,-174.89999999999782,590.0100000000009,0.804182,,,,,,,0,1
359,,,,,,0.681039,,,,,,,1,1
360,,,,-235.08000000000038,703.1699999999989,0.729213,,,,,,,0,2
360,,,,,,0.681039,,,,,,,1,2
361,10873.079999999998,-1882.5600000000004,0.577882,-11754.54,2234.1900000000005,0.733617,,,,,,,0,1
362,,,0.6582819999999999,-765.9300000000002,-236.33999999999958,0.7293029999999999,,,,,,,0,1
362,,,,,,0.7495,,,,,,,1,1
363,,,,12109.74,-820.2600000000012,0.7722549999999999,,,,,,,0,2
363,,,,,,0.7495,,,,,,,1,2
364,,,,-59.13000000000011,351.51000000000124,0.738831,,,,,,,0,1
365,-1172.88,56.06999999999914,0.656953,,,0.7621519999999999,,,,,,,0,1
366,-764.3700000000003,-940.8299999999997,0.48473499999999997,,,,,,,,,,0,1
366,,,,,,0.6956089999999999,,,,,,,1,1
367,-822.3,-760.7099999999991,0.658619,,,,,,,,,,0,2
367,,,,,,0.6956089999999999,,,,,,,1,2
368,-939.1799999999995,-471.2700000000001,0.42549000000000003,,,0.7231569999999999,,,,,,,0,1
368,,,,,,0.723569,,,,,,,1,1
369,-1470.8700000000003,529.3200000000002,0.426094,,,,,,,,,,0,2
369,,,,,,0.723569,,,,,,,1,2
370,-941.9100000000002,352.86,0.296842,-175.19999999999754,296.3700000000006,0.694785,,,,,,,0,1
371,,,0.37952,-233.7600000000009,410.0399999999985,0.661729,,,,,,,0,1
372,,,,-117.39000000000033,704.5500000000004,0.7033079999999999,,,,,,,0,1
373,,,,-350.5199999999991,471.1499999999995,0.652555,,,,,,,0,1
374,,,,,,0.672762,,,,,,,0,1
375,,,,,,,,,,,,,0,1
376,,,,,,,,,,,,,0,1
377,,,,,,,,,,,,,0,1
378,,,,,,,,,,,,,0,1
379,,,,,,,,,,,,,0,1
380,,,,,,,,,,,,,0,1
381,,,,,,,,,,,,,0,1
382,,,,,,,,,,,,,0,1
383,,,,,,,,,,,,,0,1
384,,,,,,,,,,,,,0,1
385,,,,,,,,,,,,,0,1
386,,,,,,,,,,,,,0,1
387,,,,,,,,,,,,,0,1
388,,,,,,,,,,,,,0,1
389,,,,,,,,,,,,,0,1
390,,,,,,,,,,,,,0,1
391,,,,,,,,,,,,,0,1
392,,,,,,,,,,,,,0,1
393,,,,,,,,,,,,,0,1
394,,,,,,,,,,,,,0,1
395,,,,,,,,,0.247941,,,,0,1
396,,,,,,,,,,,,,0,1
397,,,,,,,,,,,,,0,1
398,,,,,,,,,,,,,0,1
399,,,,,,,,,,,,,0,1
400,,,,,,,,,,,,,0,1
401,,,,,,,,,,,,,0,1
402,,,,,,,,,,,,,0,1
403,,,,,,,,,0.13350399999999998,,,,0,1
404,,,,,,,,,,,,,0,1
405,,,,,,,,,,,,,0,1
406,,,,,,,,,,,,,0,1
407,,,,,,,,,0.204535,,,,0,1
408,,,,,,,,,,,,,0,1
409,,,,,,,,,,,,,0,1
410,,,,,,,,,,,,,0,1
411,,,,,,,,,,,,,0,1
412,,,,,,,,,,,,,0,1
413,,,,,,,,,,,,,0,1
414,,,,,,,,,,,,,0,1
415,,,,,,,,,,,,,0,1
416,,,,,,,,,,,,,0,1
417,,,,,,,,,,,,,0,1
418,,,,,,,,,,,,,0,1
419,,,,,,,,,,,,,0,1
420,,,,,,,,,,,,,0,1
421,,,,,,,,,,,,,0,1
422,,,,,,,,,,,,,0,1
423,,,,,,,,,,,,,0,1
424,,,,,,,,,,,,,0,1
425,,,,,,,,,,,,,0,1
426,,,,,,,,,,,,,0,1
427,,,,,,,,,,,,,0,1
428,,,,,,,,,,,,,0,1
429,,,,,,,,,,,,,0,1
430,,,,,,,,,,,,,0,1
431,,,,,,,,,,,,,0,1
432,,,,,,,,,,,,,0,1
